,PERSON_ID,FIRST_NAME,LAST_NAME,DISPLAY_FIRST_LAST,DISPLAY_LAST_COMMA_FIRST,DISPLAY_FI_LAST,PLAYER_SLUG,BIRTHDATE,SCHOOL,COUNTRY,LAST_AFFILIATION,HEIGHT,WEIGHT,SEASON_EXP,JERSEY,POSITION,ROSTERSTATUS,GAMES_PLAYED_CURRENT_SEASON_FLAG,TEAM_ID,TEAM_NAME,TEAM_ABBREVIATION,TEAM_CODE,TEAM_CITY,PLAYERCODE,FROM_YEAR,TO_YEAR,DLEAGUE_FLAG,NBA_FLAG,GAMES_PLAYED_FLAG,DRAFT_YEAR,DRAFT_ROUND,DRAFT_NUMBER,GREATEST_75_FLAG
0,28,Doug,West,Doug West,"West, Doug",D. West,doug-west,1967-05-27T00:00:00,Villanova,USA,Villanova/USA,,,12,,Guard,Inactive,N,0,,,,,doug_west,1989,2000,N,Y,Y,1989,2,38,N
0,78110,Brad,Sellers,Brad Sellers,"Sellers, Brad",B. Sellers,brad-sellers,1962-12-17T00:00:00,Ohio State,USA,Ohio State/USA,7-0,210,6,4,Forward,Inactive,N,1610612741,Bulls,CHI,bulls,Chicago,HISTADD_brad_sellers,1986,1992,N,Y,Y,1986,1,9,N
0,140,Donald,Royal,Donald Royal,"Royal, Donald",D. Royal,donald-royal,1966-05-22T00:00:00,Notre Dame,USA,Notre Dame/USA,6-8,218,8,5,Forward,Inactive,N,1610612753,Magic,ORL,magic,Orlando,donald_royal,1989,1997,N,Y,Y,1987,3,52,N
0,78022,Scott,Roth,Scott Roth,"Roth, Scott",S. Roth,scott-roth,1963-06-03T00:00:00,Wisconsin,USA,Wisconsin/USA,6-8,212,3,3,Forward,Inactive,N,1610612750,Timberwolves,MIN,timberwolves,Minnesota,HISTADD_scott_roth,1987,1989,N,Y,Y,1985,4,82,N
0,71,Pooh,Richardson,Pooh Richardson,"Richardson, Pooh",P. Richardson,pooh-richardson,1966-05-14T00:00:00,UCLA,USA,UCLA/USA,6-1,180,10,,Guard,Inactive,N,0,,,,,pooh_richardson,1989,1998,N,Y,Y,1989,1,10,N
0,77674,Tod,Murphy,Tod Murphy,"Murphy, Tod",T. Murphy,tod-murphy,1963-12-24T00:00:00,California-Irvine,USA,California-Irvine/USA,6-9,220,5,41,Center,Inactive,N,1610612750,Timberwolves,MIN,timberwolves,Minnesota,HISTADD_tod_murphy,1987,1993,N,Y,Y,1986,3,53,N
0,417,Sam,Mitchell,Sam Mitchell,"Mitchell, Sam",S. Mitchell,sam-mitchell,1963-09-02T00:00:00,Mercer,USA,Mercer/USA,6-7,215,13,42,Forward,Inactive,N,1610612750,Timberwolves,MIN,timberwolves,Minnesota,sam_mitchell,1989,2001,N,Y,Y,1985,3,54,N
0,77415,Sidney,Lowe,Sidney Lowe,"Lowe, Sidney",S. Lowe,sidney-lowe,1960-01-21T00:00:00,North Carolina State,USA,North Carolina State/USA,6-0,195,4,35,Guard,Inactive,N,1610612750,Timberwolves,MIN,timberwolves,Minnesota,HISTADD_sidney_lowe,1983,1989,N,Y,Y,1983,2,25,N
0,77370,Gary,Leonard,Gary Leonard,"Leonard, Gary",G. Leonard,gary-leonard,1967-02-16T00:00:00,Missouri,USA,Missouri/USA,7-1,250,3,34,Center,Inactive,N,1610612750,Timberwolves,MIN,timberwolves,Minnesota,HISTADD_gary_leonard,1989,1991,N,Y,Y,1989,2,34,N
0,895,Tyrone,Corbin,Tyrone Corbin,"Corbin, Tyrone",T. Corbin,tyrone-corbin,1962-12-31T00:00:00,DePaul,USA,DePaul/USA,,,16,,Forward,Inactive,N,0,,,,,tyrone_corbin,1985,2000,N,Y,Y,1985,2,35,N
0,76338,Tony,Campbell,Tony Campbell,"Campbell, Tony",T. Campbell,tony-campbell,1962-05-07T00:00:00,Ohio State,USA,Ohio State/USA,6-7,215,11,9,Forward,Inactive,N,1610612750,Timberwolves,MIN,timberwolves,Minnesota,HISTADD_tony_campbell,1984,1994,N,Y,Y,1984,1,20,N
0,76247,Randy,Breuer,Randy Breuer,"Breuer, Randy",R. Breuer,randy-breuer,1960-10-11T00:00:00,Minnesota,USA,Minnesota/USA,7-3,230,11,45,Center,Inactive,N,1610612749,Bucks,MIL,bucks,Milwaukee,HISTADD_randy_breuer,1983,1993,N,Y,Y,1983,1,18,N
0,76237,Adrian,Branch,Adrian Branch,"Branch, Adrian",A. Branch,adrian-branch,1963-11-17T00:00:00,Maryland,USA,Maryland/USA,6-7,185,4,1,Forward,Inactive,N,1610612757,Trail Blazers,POR,blazers,Portland,HISTADD_adrian_branch,1986,1989,N,Y,Y,1985,2,46,N
0,738,Bob,Thornton,Bob Thornton,"Thornton, Bob",B. Thornton,bob-thornton,1962-07-10T00:00:00,California-Irvine,USA,California-Irvine/USA,6-10,225,8,34,Forward,Inactive,N,1610612755,76ers,PHI,sixers,Philadelphia,bob_thornton,1985,1995,N,Y,Y,1984,4,87,N
0,78320,Jim,Thomas,Jim Thomas,"Thomas, Jim",J. Thomas,jim-thomas,1960-10-19T00:00:00,Indiana,USA,Indiana/USA,6-3,190,4,20,Guard,Inactive,N,1610612754,Pacers,IND,pacers,Indiana,HISTADD_jim_thomas,1983,1990,N,Y,Y,1983,2,40,N
0,280,Felton,Spencer,Felton Spencer,"Spencer, Felton",F. Spencer,felton-spencer,1968-01-05T00:00:00,Louisville,USA,Louisville/USA,7-0,290,12,50,Center,Inactive,N,1610612750,Timberwolves,MIN,timberwolves,Minnesota,felton_spencer,1990,2001,N,Y,Y,1990,1,6,N
0,76827,Dan,Godfread,Dan Godfread,"Godfread, Dan",D. Godfread,dan-godfread,1967-06-14T00:00:00,Evansville,USA,Evansville/USA,6-10,250,2,35,Forward,Inactive,N,1610612750,Timberwolves,MIN,timberwolves,Minnesota,HISTADD_dan_godfread,1990,1991,N,Y,Y,Undrafted,Undrafted,Undrafted,N
0,76821,Gerald,Glass,Gerald Glass,"Glass, Gerald",G. Glass,gerald-glass,1967-11-12T00:00:00,Mississippi,USA,Mississippi/USA,6-5,221,4,,Forward,Inactive,N,0,,,,,HISTADD_gerald_glass,1990,1995,N,Y,Y,1990,1,20,N
0,76410,Richard,Coffey,Richard Coffey,"Coffey, Richard",R. Coffey,richard-coffey,1965-09-02T00:00:00,Minnesota,USA,Minnesota/USA,6-6,212,1,33,Guard,Inactive,N,1610612750,Timberwolves,MIN,timberwolves,Minnesota,HISTADD_richard_coffey,1990,1990,N,Y,Y,Undrafted,Undrafted,Undrafted,N
0,418,Scott,Brooks,Scott Brooks,"Brooks, Scott",S. Brooks,scott-brooks,1965-07-31T00:00:00,California-Irvine,USA,California-Irvine/USA,5-11,165,10,2,Guard,Inactive,N,1610612745,Rockets,HOU,rockets,Houston,scott_brooks,1988,1997,N,Y,Y,Undrafted,Undrafted,Undrafted,N
0,1821,Mark,Randall,Mark Randall,"Randall, Mark",M. Randall,mark-randall,1967-09-30T00:00:00,Kansas,USA,Kansas/USA,6-8,235,4,42,Forward,Inactive,N,1610612750,Timberwolves,MIN,timberwolves,Minnesota,mark_randall,1991,1994,N,Y,Y,1991,1,26,N
0,26,Luc,Longley,Luc Longley,"Longley, Luc",L. Longley,luc-longley,1969-01-19T00:00:00,New Mexico,USA,New Mexico/USA,,,10,,Center,Inactive,N,0,,,,,luc_longley,1991,2000,N,Y,Y,1991,1,7,N
0,76748,Tellis,Frank,Tellis Frank,"Frank, Tellis",T. Frank,tellis-frank,1965-04-26T00:00:00,Western Kentucky,USA,Western Kentucky/USA,6-10,225,5,32,Forward,Inactive,N,1610612744,Warriors,GOS,warriors,Golden State,HISTADD_tellis_frank,1987,1993,N,Y,Y,1987,1,14,N
0,76277,Myron,Brown,Myron Brown,"Brown, Myron",M. Brown,myron-brown,1969-11-03T00:00:00,Slippery Rock,USA,Slippery Rock/USA,6-3,180,1,34,Forward,Inactive,N,1610612750,Timberwolves,MIN,timberwolves,Minnesota,HISTADD_myron_brown,1991,1991,N,Y,Y,1991,2,34,N
0,1847,Thurl,Bailey,Thurl Bailey,"Bailey, Thurl",T. Bailey,thurl-bailey,1961-04-07T00:00:00,North Carolina State,USA,North Carolina State/USA,6-11,247,12,41,Forward,Inactive,N,1610612762,Jazz,UTA,jazz,Utah,thurl_bailey,1983,1998,N,Y,Y,1983,1,7,N
0,52,Micheal,Williams,Micheal Williams,"Williams, Micheal",M. Williams,micheal-williams,1966-07-23T00:00:00,Baylor,USA,Baylor/USA,6-2,175,10,,Guard,Inactive,N,0,,,,,micheal_williams,1988,1998,N,Y,Y,1988,2,48,N
0,78415,Gundars,Vetra,Gundars Vetra,"Vetra, Gundars",G. Vetra,gundars-vetra,1967-05-22T00:00:00,VEF Riga,Latvia,VEF Riga/Latvia,6-6,195,1,2,Forward,Inactive,N,1610612750,Timberwolves,MIN,timberwolves,Minnesota,HISTADD_gundars_vetra,1992,1992,N,Y,Y,Undrafted,Undrafted,Undrafted,N
0,1814,Chris,Smith,Chris Smith,"Smith, Chris",C. Smith,chris-smith,1970-05-17T00:00:00,Connecticut,USA,Connecticut/USA,6-3,190,3,3,Guard,Inactive,N,1610612750,Timberwolves,MIN,timberwolves,Minnesota,chris_smith,1992,1994,N,Y,Y,1992,2,34,N
0,456,Chuck,Person,Chuck Person,"Person, Chuck",C. Person,chuck-person,1964-06-27T00:00:00,Auburn,USA,Auburn/USA,6-8,241,13,45,Forward,Inactive,N,1610612754,Pacers,IND,pacers,Indiana,chuck_person,1986,1999,N,Y,Y,1986,1,4,N
0,737,Bob,McCann,Bob McCann,"McCann, Bob",B. McCann,bob-mccann,1964-04-22T00:00:00,Morehead State,USA,Morehead State/USA,6-6,244,5,,Forward,Inactive,N,0,,,,,bob_mccann,1989,1997,N,Y,Y,1987,2,32,N
0,77486,Marlon,Maxey,Marlon Maxey,"Maxey, Marlon",M. Maxey,marlon-maxey,1969-02-19T00:00:00,Texas-El Paso,USA,Texas-El Paso/USA,6-8,250,2,25,Forward,Inactive,N,1610612750,Timberwolves,MIN,timberwolves,Minnesota,HISTADD_marlon_maxey,1992,1993,N,Y,Y,1992,2,28,N
0,363,Christian,Laettner,Christian Laettner,"Laettner, Christian",C. Laettner,christian-laettner,1969-08-17T00:00:00,Duke,USA,Duke/USA,6-11,245,14,44,Forward-Center,Inactive,N,1610612750,Timberwolves,MIN,timberwolves,Minnesota,christian_laettner,1992,2004,N,Y,Y,1992,1,3,N
0,76183,Lance,Blanks,Lance Blanks,"Blanks, Lance",L. Blanks,lance-blanks,1966-09-09T00:00:00,Texas-Austin,USA,Texas-Austin/USA,6-4,190,3,21,Guard,Inactive,N,1610612765,Pistons,DET,pistons,Detroit,HISTADD_lance_blanks,1990,1992,N,Y,Y,1990,1,26,N
0,101258,Corey,Williams,Corey Williams,"Williams, Corey",C. Williams,corey-williams,1977-08-08T00:00:00,Oklahoma State,USA,Oklahoma State/USA,6-3,190,2,12,Guard,Inactive,N,1610612741,Bulls,CHI,bulls,Chicago,corey_williams,1992,1993,Y,Y,Y,1992,2,33,N
0,375,Isaiah,Rider,Isaiah Rider,"Rider, Isaiah",I. Rider,isaiah-rider,1971-03-12T00:00:00,UNLV,USA,UNLV/USA,,,9,,Guard,Inactive,N,0,,,,,isaiah_rider,1993,2001,N,Y,Y,1993,1,5,N
0,351,Stacey,King,Stacey King,"King, Stacey",S. King,stacey-king,1967-01-29T00:00:00,Oklahoma,USA,Oklahoma/USA,6-11,250,8,33,Forward-Center,Inactive,N,1610612741,Bulls,CHI,bulls,Chicago,stacey_king,1989,1996,N,Y,Y,1989,1,6,N
0,77109,Stanley,Jackson,Stanley Jackson,"Jackson, Stanley",S. Jackson,stanley-jackson,1970-10-10T00:00:00,Alabama-Birmingham,USA,Alabama-Birmingham/USA,6-3,185,1,7,Guard,Inactive,N,1610612750,Timberwolves,MIN,timberwolves,Minnesota,HISTADD_stanley_jackson,1993,1993,N,Y,Y,Undrafted,Undrafted,Undrafted,N
0,76903,Andres,Guibert,Andres Guibert,"Guibert, Andres",A. Guibert,andres-guibert,1968-10-28T00:00:00,Cantera Instituto,Cuba,Cantera Instituto/Cuba,6-10,225,2,51,Center,Inactive,N,1610612750,Timberwolves,MIN,timberwolves,Minnesota,HISTADD_andres_guibert,1993,1994,N,Y,Y,Undrafted,Undrafted,Undrafted,N
0,76517,Brian,Davis,Brian Davis,"Davis, Brian",B. Davis,brian-davis,1970-06-21T00:00:00,Duke,USA,Duke/USA,6-7,200,1,23,Forward,Inactive,N,1610612750,Timberwolves,MIN,timberwolves,Minnesota,HISTADD_brian_davis,1993,1993,N,Y,Y,1992,2,48,N
0,1479,Mike,Brown,Mike Brown,"Brown, Mike",M. Brown,mike-brown,1963-07-19T00:00:00,George Washington,USA,George Washington/USA,6-10,260,12,52,Center-Forward,Inactive,N,1610612762,Jazz,UTA,jazz,Utah,mike_brown,1986,1997,N,Y,Y,1985,3,69,N
0,1593,Charles,Shackleford,Charles Shackleford,"Shackleford, Charles",C. Shackleford,charles-shackleford,1966-04-22T00:00:00,North Carolina State,USA,North Carolina State/USA,6-11,245,6,33,Center,Inactive,N,1610612751,Nets,NJN,nets,New Jersey,charles_shackleford,1988,1998,N,Y,Y,1988,2,32,N
0,399,Sean,Rooks,Sean Rooks,"Rooks, Sean",S. Rooks,sean-rooks,1969-09-09T00:00:00,Arizona,USA,Arizona/USA,6-10,260,13,45,Center,Inactive,N,1610612746,Clippers,LAC,clippers,Los Angeles,sean_rooks,1992,2003,N,Y,Y,1992,2,30,N
0,239,Darrick,Martin,Darrick Martin,"Martin, Darrick",D. Martin,darrick-martin,1971-03-06T00:00:00,UCLA,USA,UCLA/USA,5-11,170,13,,Guard,Inactive,N,0,,,,,darrick_martin,1994,2007,N,Y,Y,Undrafted,Undrafted,Undrafted,N
0,77174,Askia,Jones,Askia Jones,"Jones, Askia",A. Jones,askia-jones,1971-12-03T00:00:00,Kansas State,USA,Kansas State/USA,6-5,200,1,2,Forward,Inactive,N,1610612750,Timberwolves,MIN,timberwolves,Minnesota,HISTADD_askia_jones,1994,1994,N,Y,Y,Undrafted,Undrafted,Undrafted,N
0,76782,Winston,Garland,Winston Garland,"Garland, Winston",W. Garland,winston-garland,1964-12-19T00:00:00,Missouri State,USA,Missouri State/USA,6-2,170,7,22,Guard,Inactive,N,1610612744,Warriors,GOS,warriors,Golden State,HISTADD_winston_garland,1987,1994,N,Y,Y,1987,2,40,N
0,323,Greg,Foster,Greg Foster,"Foster, Greg",G. Foster,greg-foster,1968-10-03T00:00:00,Texas-El Paso,USA,Texas-El Paso/USA,6-11,250,13,43,Center,Inactive,N,1610612762,Jazz,UTA,jazz,Utah,greg_foster,1990,2002,N,Y,Y,1990,2,35,N
0,1090,Pat,Durham,Pat Durham,"Durham, Pat",P. Durham,pat-durham,1967-03-10T00:00:00,Colorado State,USA,Colorado State/USA,6-7,210,2,30,Forward,Inactive,N,1610612750,Timberwolves,MIN,timberwolves,Minnesota,pat_durham,1992,1994,N,Y,Y,1989,2,35,N
0,706,Jerome,Allen,Jerome Allen,"Allen, Jerome",J. Allen,jerome-allen,1973-01-28T00:00:00,Pennsylvania,USA,Pennsylvania/USA,6-4,184,2,53,Guard,Inactive,N,1610612754,Pacers,IND,pacers,Indiana,jerome_allen,1995,1996,N,Y,Y,1995,2,49,N
0,35,Eric,Riley,Eric Riley,"Riley, Eric",E. Riley,eric-riley,1970-06-02T00:00:00,Michigan,USA,Michigan/USA,7-0,245,4,44,Center,Inactive,N,1610612745,Rockets,HOU,rockets,Houston,eric_riley,1993,1998,N,Y,Y,1993,2,33,N
0,66,Marques,Bragg,Marques Bragg,"Bragg, Marques",M. Bragg,marques-bragg,1970-03-24T00:00:00,Providence,USA,Providence/USA,6-8,230,1,33,Forward,Inactive,N,1610612750,Timberwolves,MIN,timberwolves,Minnesota,marques_bragg,1995,1995,N,Y,Y,Undrafted,Undrafted,Undrafted,N
0,345,Terry,Porter,Terry Porter,"Porter, Terry",T. Porter,terry-porter,1963-04-08T00:00:00,Wisconsin-Stevens Point,USA,Wisconsin-Stevens Point/USA,6-3,205,17,30,Guard,Inactive,N,1610612757,Trail Blazers,POR,blazers,Portland,terry_porter,1985,2001,N,Y,Y,1985,1,24,N
0,457,Andrew,Lang,Andrew Lang,"Lang, Andrew",A. Lang,andrew-lang,1966-06-28T00:00:00,Arkansas,USA,Arkansas/USA,6-11,275,12,28,Center,Inactive,N,1610612756,Suns,PHX,suns,Phoenix,andrew_lang,1988,1999,N,Y,Y,1988,2,28,N
0,339,Tom,Gugliotta,Tom Gugliotta,"Gugliotta, Tom",T. Gugliotta,tom-gugliotta,1969-12-19T00:00:00,North Carolina State,USA,North Carolina State/USA,6-10,250,14,7,Forward,Inactive,N,1610612756,Suns,PHX,suns,Phoenix,tom_gugliotta,1992,2004,N,Y,Y,1992,1,6,N
0,708,Kevin,Garnett,Kevin Garnett,"Garnett, Kevin",K. Garnett,kevin-garnett,1976-05-19T00:00:00,Farragut Academy HS (IL),USA,Farragut Academy HS (IL)/USA,6-11,240,22,21,Forward,Inactive,N,1610612750,Timberwolves,MIN,timberwolves,Minnesota,kevin_garnett,1995,2015,N,Y,Y,1995,1,5,Y
0,707,Mark,Davis,Mark Davis,"Davis, Mark",M. Davis,mark-davis,1973-04-26T00:00:00,Texas Tech,USA,Texas Tech/USA,6-7,205,4,7,Guard-Forward,Inactive,N,1610612755,76ers,PHI,sixers,Philadelphia,mark_davis,1995,1999,N,Y,Y,1995,2,48,N
0,892,Spud,Webb,Spud Webb,"Webb, Spud",S. Webb,spud-webb,1963-07-13T00:00:00,North Carolina State,USA,North Carolina State/USA,5-6,133,12,,Guard,Inactive,N,0,,,,,spud_webb,1985,1997,N,Y,Y,1985,4,87,N
0,78179,Charles,Smith,Charles Smith,"Smith, Charles",C. Smith,charles-smith,1967-11-29T00:00:00,Georgetown,USA,Georgetown/USA,6-1,160,3,,Forward,Inactive,N,1610612738,Celtics,BOS,celtics,Boston,HISTADD_charles_e_smith,1989,1995,N,Y,Y,Undrafted,Undrafted,Undrafted,N
0,685,Cherokee,Parks,Cherokee Parks,"Parks, Cherokee",C. Parks,cherokee-parks,1972-10-11T00:00:00,Duke,USA,Duke/USA,6-11,240,9,,Forward-Center,Inactive,N,0,,,,,cherokee_parks,1995,2003,N,Y,Y,1995,1,12,N
0,713,Chris,Carr,Chris Carr,"Carr, Chris",C. Carr,chris-carr,1974-03-12T00:00:00,Southern Illinois,USA,Southern Illinois/USA,6-6,220,7,,Guard,Inactive,N,0,,,,,chris_carr,1995,2000,N,Y,Y,1995,2,56,N
0,381,James,Robinson,James Robinson,"Robinson, James",J. Robinson,james-robinson,1970-08-31T00:00:00,Alabama,USA,Alabama/USA,,,7,,Guard,Inactive,N,0,,,,,james_robinson,1993,2000,N,Y,Y,1993,1,21,N
0,1051,Dean,Garrett,Dean Garrett,"Garrett, Dean",D. Garrett,dean-garrett,1966-11-27T00:00:00,Indiana,USA,Indiana/USA,6-11,250,6,22,Center,Inactive,N,1610612750,Timberwolves,MIN,timberwolves,Minnesota,dean_garrett,1996,2001,N,Y,Y,1988,2,38,N
0,1037,Stojko,Vrankovic,Stojko Vrankovic,"Vrankovic, Stojko",S. Vrankovic,stojko-vrankovic,1964-01-22T00:00:00,Aris,Croatia,Aris/Croatia,7-2,260,5,,Center,Inactive,N,0,,,,,stojko_vrankovic,1990,1998,N,Y,Y,Undrafted,Undrafted,Undrafted,N
0,1049,Shane,Heal,Shane Heal,"Heal, Shane",S. Heal,shane-heal,1970-09-06T00:00:00,Sydney Kings,Australia,Sydney Kings/Australia,6-0,180,2,,Guard,Inactive,N,0,,,,,shane_heal,1996,2003,N,Y,Y,Undrafted,Undrafted,Undrafted,N
0,950,Stephon,Marbury,Stephon Marbury,"Marbury, Stephon",S. Marbury,stephon-marbury,1977-02-20T00:00:00,Georgia Tech,USA,Georgia Tech/USA,6-2,205,14,8,Guard,Inactive,N,1610612752,Knicks,NYK,knicks,New York,stephon_marbury,1996,2008,N,Y,Y,1996,1,4,N
0,914,Stanley,Roberts,Stanley Roberts,"Roberts, Stanley",S. Roberts,stanley-roberts,1970-02-07T00:00:00,Louisiana State,USA,Louisiana State/USA,7-0,290,9,,Center,Inactive,N,0,,,,,stanley_roberts,1991,1999,N,Y,Y,1991,1,23,N
0,1545,DeJuan,Wheat,DeJuan Wheat,"Wheat, DeJuan",D. Wheat,dejuan-wheat,1973-10-14T00:00:00,Louisville,USA,Louisville/USA,6-0,165,2,6,Guard,Inactive,N,1610612763,Grizzlies,VAN,grizzlies,Vancouver,dejuan_wheat,1997,1998,N,Y,Y,1997,2,51,N
0,674,Reggie,Jordan,Reggie Jordan,"Jordan, Reggie",R. Jordan,reggie-jordan,1968-01-26T00:00:00,New Mexico State,USA,New Mexico State/USA,6-4,195,6,,Guard,Inactive,N,0,,,,,reggie_jordan,1993,1999,N,Y,Y,Undrafted,Undrafted,Undrafted,N
0,67,Tom,Hammonds,Tom Hammonds,"Hammonds, Tom",T. Hammonds,tom-hammonds,1967-03-27T00:00:00,Georgia Tech,USA,Georgia Tech/USA,,,12,,Forward,Inactive,N,0,,,,,tom_hammonds,1989,2000,N,Y,Y,1989,1,9,N
0,223,Bill,Curley,Bill Curley,"Curley, Bill",B. Curley,bill-curley,1972-05-29T00:00:00,Boston College,USA,Boston College/USA,,,6,,Forward,Inactive,N,0,,,,,bill_curley,1994,2000,N,Y,Y,1994,1,22,N
0,324,Anthony,Peeler,Anthony Peeler,"Peeler, Anthony",A. Peeler,anthony-peeler,1969-11-25T00:00:00,Missouri,USA,Missouri/USA,6-4,208,14,8,Guard,Inactive,N,1610612750,Timberwolves,MIN,timberwolves,Minnesota,anthony_peeler,1992,2004,N,Y,Y,1992,1,15,N
0,1754,Andrae,Patterson,Andrae Patterson,"Patterson, Andrae",A. Patterson,andrae-patterson,1975-11-12T00:00:00,Indiana,USA,Indiana/USA,6-9,238,2,,Forward,Inactive,N,0,,,,,andrae_patterson,1998,1999,N,Y,Y,1998,2,46,N
0,693,Joe,Smith,Joe Smith,"Smith, Joe",J. Smith,joe-smith,1975-07-26T00:00:00,Maryland,USA,Maryland/USA,6-10,225,17,1,Forward-Center,Inactive,N,1610612750,Timberwolves,MIN,timberwolves,Minnesota,joe_smith,1995,2010,N,Y,Y,1995,1,1,N
0,1517,Bobby,Jackson,Bobby Jackson,"Jackson, Bobby",B. Jackson,bobby-jackson,1973-03-13T00:00:00,Minnesota,USA,Minnesota/USA,6-1,185,13,24,Guard,Inactive,N,1610612758,Kings,SAC,kings,Sacramento,bobby_jackson,1997,2008,N,Y,Y,1997,1,23,N
0,1725,Rasho,Nesterovic,Rasho Nesterovic,"Nesterovic, Rasho",R. Nesterovic,rasho-nesterovic,1976-05-30T00:00:00,Virtus Bologna,Slovenia,Virtus Bologna/Slovenia,7-0,255,13,12,Center,Inactive,N,1610612750,Timberwolves,MIN,timberwolves,Minnesota,rasho_nesterovic,1998,2009,N,Y,Y,1998,1,17,N
0,210,Terrell,Brandon,Terrell Brandon,"Brandon, Terrell",T. Brandon,terrell-brandon,1970-05-20T00:00:00,Oregon,USA,Oregon/USA,5-11,173,12,7,Guard,Inactive,N,1610612739,Cavaliers,CLE,cavaliers,Cleveland,terrell_brandon,1991,2002,N,Y,Y,1991,1,11,N
0,907,Malik,Sealy,Malik Sealy,"Sealy, Malik",M. Sealy,malik-sealy,1970-02-01T00:00:00,St. John's (NY),USA,St. John's (NY)/USA,6-8,200,8,2,Guard-Forward,Inactive,N,1610612746,Clippers,LAC,clippers,Los Angeles,malik_sealy,1992,1999,N,Y,Y,1992,1,14,N
0,1887,Wally,Szczerbiak,Wally Szczerbiak,"Szczerbiak, Wally",W. Szczerbiak,wally-szczerbiak,1977-03-05T00:00:00,Miami (Ohio),USA,Miami (Ohio)/USA,6-7,240,11,10,Guard-Forward,Inactive,N,1610612750,Timberwolves,MIN,timberwolves,Minnesota,wally_szczerbiak,1999,2008,N,Y,Y,1999,1,6,N
0,1895,William,Avery,William Avery,"Avery, William",W. Avery,william-avery,1979-08-08T00:00:00,Duke,USA,Duke/USA,6-2,180,4,30,Guard,Inactive,N,1610612750,Timberwolves,MIN,timberwolves,Minnesota,william_avery,1999,2002,N,Y,Y,1999,1,14,N
0,1073,Reggie,Slater,Reggie Slater,"Slater, Reggie",R. Slater,reggie-slater,1970-08-27T00:00:00,Wyoming,USA,Wyoming/USA,6-7,255,9,35,Forward,Inactive,N,1610612761,Raptors,TOR,raptors,Toronto,reggie_slater,1994,2002,N,Y,Y,Undrafted,Undrafted,Undrafted,N
0,1732,Felipe,Lopez,Felipe Lopez,"Lopez, Felipe",F. Lopez,felipe-lopez,1974-12-19T00:00:00,St. John's (NY),Dominican Republic,St. John's (NY)/Dominican Republic,6-5,195,5,13,Guard-Forward,Inactive,N,1610612763,Grizzlies,VAN,grizzlies,Vancouver,felipe_lopez,1998,2002,N,Y,Y,1998,1,24,N
0,1497,Chauncey,Billups,Chauncey Billups,"Billups, Chauncey",C. Billups,chauncey-billups,1976-09-25T00:00:00,Colorado,USA,Colorado/USA,6-3,210,17,1,Guard,Inactive,N,1610612765,Pistons,DET,pistons,Detroit,chauncey_billups,1997,2013,N,Y,Y,1997,1,3,N
0,111,LaPhonso,Ellis,LaPhonso Ellis,"Ellis, LaPhonso",L. Ellis,laphonso-ellis,1970-05-05T00:00:00,Notre Dame,USA,Notre Dame/USA,6-8,240,12,3,Forward,Inactive,N,1610612743,Nuggets,DEN,nuggets,Denver,laphonso_ellis,1992,2002,N,Y,Y,1992,1,5,N
0,1531,Marc,Jackson,Marc Jackson,"Jackson, Marc",M. Jackson,marc-jackson,1975-01-16T00:00:00,Temple,USA,Temple/USA,6-10,253,8,44,Forward,Inactive,N,1610612755,76ers,PHI,sixers,Philadelphia,marc_jackson,2000,2006,N,Y,Y,1997,2,37,N
0,718,Gary,Trent,Gary Trent,"Trent, Gary",G. Trent,gary-trent,1974-09-22T00:00:00,Ohio,USA,Ohio/USA,6-8,250,10,20,Forward,Inactive,N,1610612750,Timberwolves,MIN,timberwolves,Minnesota,gary_trent,1995,2003,N,Y,Y,1995,1,11,N
0,123,Robert,Pack,Robert Pack,"Pack, Robert",R. Pack,robert-pack,1969-02-03T00:00:00,Southern California,USA,Southern California/USA,6-2,190,13,,Guard,Inactive,N,0,,,,,robert_pack,1991,2003,N,Y,Y,Undrafted,Undrafted,Undrafted,N
0,2254,Loren,Woods,Loren Woods,"Woods, Loren",L. Woods,loren-woods,1978-06-21T00:00:00,Arizona,USA,Arizona/USA,7-2,260,7,33,Center,Inactive,N,1610612750,Timberwolves,MIN,timberwolves,Minnesota,loren_woods,2001,2007,Y,Y,Y,2001,2,45,N
0,2080,Igor,Rakocevic,Igor Rakocevic,"Rakocevic, Igor",I. Rakocevic,igor-rakocevic,1978-03-29T00:00:00,Buducnost,Serbia,Buducnost/Serbia,6-2,184,2,36,Guard,Inactive,N,1610612750,Timberwolves,MIN,timberwolves,Minnesota,igor_rakocevic,2002,2002,N,Y,Y,2000,2,51,N
0,1607,Troy,Hudson,Troy Hudson,"Hudson, Troy",T. Hudson,troy-hudson,1976-03-13T00:00:00,Southern Illinois,USA,Southern Illinois/USA,6-1,178,11,,Guard,Inactive,N,0,,,,,troy_hudson,1997,2007,Y,Y,Y,Undrafted,Undrafted,Undrafted,N
0,988,Randy,Livingston,Randy Livingston,"Livingston, Randy",R. Livingston,randy-livingston,1975-04-02T00:00:00,Louisiana State,USA,Louisiana State/USA,6-4,209,11,14,Guard,Inactive,N,1610612756,Suns,PHX,suns,Phoenix,randy_livingston,1996,2006,Y,Y,Y,1996,2,42,N
0,383,Kendall,Gill,Kendall Gill,"Gill, Kendall",K. Gill,kendall-gill,1968-05-25T00:00:00,Illinois,USA,Illinois/USA,6-5,216,15,,Guard,Inactive,N,0,,,,,kendall_gill,1990,2004,N,Y,Y,1990,1,5,N
0,2230,Maurice,Evans,Maurice Evans,"Evans, Maurice",M. Evans,maurice-evans,1978-11-08T00:00:00,Texas,USA,Texas-Austin/USA,6-5,220,10,6,Guard-Forward,Inactive,N,1610612737,Hawks,ATL,hawks,Atlanta,maurice_evans,2001,2011,N,Y,Y,Undrafted,Undrafted,Undrafted,N
0,2569,Ndudi,Ebi,Ndudi Ebi,"Ebi, Ndudi",N. Ebi,ndudi-ebi,1984-06-18T00:00:00,Westbury Christian HS (TX),USA,Westbury Christian HS (TX)/USA,6-9,195,3,44,Forward,Inactive,N,1610612750,Timberwolves,MIN,timberwolves,Minnesota,ndudi_ebi,2003,2004,Y,Y,Y,2003,1,26,N
0,911,Ervin,Johnson,Ervin Johnson,"Johnson, Ervin",E. Johnson,ervin-johnson,1967-12-21T00:00:00,New Orleans,USA,New Orleans/USA,6-11,245,13,40,Center,Inactive,N,1610612749,Bucks,MIL,bucks,Milwaukee,ervin_johnson,1993,2005,N,Y,Y,1993,1,23,N
0,2058,Mark,Madsen,Mark Madsen,"Madsen, Mark",M. Madsen,mark-madsen,1976-01-28T00:00:00,Stanford,USA,Stanford/USA,6-9,255,10,35,Forward,Inactive,N,1610612750,Timberwolves,MIN,timberwolves,Minnesota,mark_madsen,2000,2008,N,Y,Y,2000,1,29,N
0,1709,Michael,Olowokandi,Michael Olowokandi,"Olowokandi, Michael",M. Olowokandi,michael-olowokandi,1975-04-03T00:00:00,Pacific,Nigeria,Pacific/Nigeria,7-0,270,10,41,Center,Inactive,N,1610612746,Clippers,LAC,clippers,Los Angeles,michael_olowokandi,1998,2006,N,Y,Y,1998,1,1,N
0,697,Fred,Hoiberg,Fred Hoiberg,"Hoiberg, Fred",F. Hoiberg,fred-hoiberg,1972-10-15T00:00:00,Iowa State,USA,Iowa State/USA,6-5,210,11,32,Guard,Inactive,N,1610612741,Bulls,CHI,bulls,Chicago,fred_hoiberg,1995,2004,N,Y,Y,1995,2,52,N
0,2239,Trenton,Hassell,Trenton Hassell,"Hassell, Trenton",T. Hassell,trenton-hassell,1979-03-04T00:00:00,Austin Peay,USA,Austin Peay/USA,6-5,227,10,44,Forward-Guard,Inactive,N,1610612750,Timberwolves,MIN,timberwolves,Minnesota,trenton_hassell,2001,2009,N,Y,Y,2001,2,29,N
0,208,Sam,Cassell,Sam Cassell,"Cassell, Sam",S. Cassell,sam-cassell,1969-11-18T00:00:00,Florida State,USA,Florida State/USA,6-3,185,16,28,Guard,Inactive,N,1610612749,Bucks,MIL,bucks,Milwaukee,sam_cassell,1993,2007,N,Y,Y,1993,1,24,N
0,84,Latrell,Sprewell,Latrell Sprewell,"Sprewell, Latrell",L. Sprewell,latrell-sprewell,1970-09-08T00:00:00,Alabama,USA,Alabama/USA,6-5,195,14,8,Guard,Inactive,N,1610612744,Warriors,GSW,warriors,Golden State,latrell_sprewell,1992,2004,N,Y,Y,1992,1,24,N
0,932,Oliver,Miller,Oliver Miller,"Miller, Oliver",O. Miller,oliver-miller,1970-04-06T00:00:00,Arkansas,USA,Arkansas/USA,6-9,315,10,3,Center,Inactive,N,1610612756,Suns,PHX,suns,Phoenix,oliver_miller,1992,2003,N,Y,Y,1992,1,22,N
0,2204,Eddie,Griffin,Eddie Griffin,"Griffin, Eddie",E. Griffin,eddie-griffin,1982-05-30T00:00:00,Seton Hall,USA,Seton Hall/USA,6-9,222,5,,Forward,Inactive,N,0,,,,,eddie_griffin,2001,2006,N,Y,Y,2001,1,7,N
0,1519,John,Thomas,John Thomas,"Thomas, John",J. Thomas,john-thomas,1975-09-08T00:00:00,Minnesota,USA,Minnesota/USA,6-9,265,6,41,Center,Inactive,N,1610612761,Raptors,TOR,raptors,Toronto,john_thomas,1997,2005,Y,Y,Y,1997,1,25,N
0,1853,Anthony,Carter,Anthony Carter,"Carter, Anthony",A. Carter,anthony-carter,1975-06-16T00:00:00,Hawaii,USA,Hawaii/USA,6-1,190,14,,Guard,Inactive,N,0,,,,,anthony_carter,1999,2011,N,Y,Y,Undrafted,Undrafted,Undrafted,N
0,2060,Marko,Jaric,Marko Jaric,"Jaric, Marko",M. Jaric,marko-jaric,1978-12-10T00:00:00,Virtus Bologna,Serbia,Virtus Bologna/Serbia,6-7,224,8,55,Guard,Inactive,N,1610612750,Timberwolves,MIN,timberwolves,Minnesota,marko_jaric,2002,2008,N,Y,Y,2000,2,30,N
0,1729,Ricky,Davis,Ricky Davis,"Davis, Ricky",R. Davis,ricky-davis,1979-09-23T00:00:00,Iowa,USA,Iowa/USA,6-7,195,12,,Guard,Inactive,N,0,,,,,ricky_davis,1998,2009,Y,Y,Y,1998,1,21,N
0,1548,Mark,Blount,Mark Blount,"Blount, Mark",M. Blount,mark-blount,1975-11-30T00:00:00,Pittsburgh,USA,Pittsburgh/USA,7-0,250,10,15,Center-Forward,Inactive,N,1610612738,Celtics,BOS,celtics,Boston,mark_blount,2000,2008,N,Y,Y,1997,2,54,N
0,2648,Ronald,Dupree,Ronald Dupree,"Dupree, Ronald",R. Dupree,ronald-dupree,1981-01-26T00:00:00,Louisiana State,USA,Louisiana State/USA,6-7,209,7,,Forward,Inactive,N,0,,,,,ronald_dupree,2003,2010,Y,Y,Y,Undrafted,Undrafted,Undrafted,N
0,2770,Justin,Reed,Justin Reed,"Reed, Justin",J. Reed,justin-reed,1982-01-16T00:00:00,Mississippi,USA,Mississippi/USA,6-8,240,4,,Forward,Inactive,N,0,,,,,justin_reed,2004,2006,Y,Y,Y,2004,2,40,N
0,101152,Bracey,Wright,Bracey Wright,"Wright, Bracey",B. Wright,bracey-wright,1984-07-01T00:00:00,Indiana,USA,Indiana/USA,6-3,201,2,6,Guard,Inactive,N,1610612750,Timberwolves,MIN,timberwolves,Minnesota,bracey_wright,2005,2006,Y,Y,Y,2005,2,47,N
0,2556,Marcus,Banks,Marcus Banks,"Banks, Marcus",M. Banks,marcus-banks,1981-11-19T00:00:00,UNLV,USA,UNLV/USA,6-2,205,9,15,Guard,Inactive,N,1610612738,Celtics,BOS,celtics,Boston,marcus_banks,2003,2010,Y,Y,Y,2003,1,13,N
0,101119,Rashad,McCants,Rashad McCants,"McCants, Rashad",R. McCants,rashad-mccants,1984-09-25T00:00:00,North Carolina,USA,North Carolina/USA,6-4,215,5,7,Guard,Inactive,N,1610612750,Timberwolves,MIN,timberwolves,Minnesota,rashad_mccants,2005,2008,Y,Y,Y,2005,1,14,N
0,200783,Craig,Smith,Craig Smith,"Smith, Craig",C. Smith,craig-smith,1983-11-10T00:00:00,Boston College,USA,Boston College/USA,6-7,265,6,83,Forward,Inactive,N,1610612750,Timberwolves,MIN,timberwolves,Minnesota,craig_smith,2006,2011,Y,Y,Y,2006,2,36,N
0,200751,Randy,Foye,Randy Foye,"Foye, Randy",R. Foye,randy-foye,1983-09-24T00:00:00,Villanova,USA,Villanova/USA,6-4,218,12,2,Guard,Inactive,N,1610612750,Timberwolves,MIN,timberwolves,Minnesota,randy_foye,2006,2016,N,Y,Y,2006,1,7,N
0,1720,Michael,Doleac,Michael Doleac,"Doleac, Michael",M. Doleac,michael-doleac,1977-06-15T00:00:00,Utah,USA,Utah/USA,6-11,262,11,51,Center,Inactive,N,1610612753,Magic,ORL,magic,Orlando,michael_doleac,1998,2007,N,Y,Y,1998,1,12,N
0,201181,Chris,Richard,Chris Richard,"Richard, Chris",C. Richard,chris-richard,1984-12-25T00:00:00,Florida,USA,Florida/USA,6-9,256,3,35,Forward,Inactive,N,1610612750,Timberwolves,MIN,timberwolves,Minnesota,chris_richard,2007,2009,Y,Y,Y,2007,2,41,N
0,2745,Kirk,Snyder,Kirk Snyder,"Snyder, Kirk",K. Snyder,kirk-snyder,1983-06-05T00:00:00,Nevada-Reno,USA,Nevada-Reno/USA,6-6,225,5,30,Forward-Guard,Inactive,N,1610612740,Hornets,NOK,pelicans,New Orleans/Oklahoma City,kirk_snyder,2004,2007,N,Y,Y,2004,1,16,N
0,2744,Al,Jefferson,Al Jefferson,"Jefferson, Al",A. Jefferson,al-jefferson,1985-01-04T00:00:00,Prentiss HS (MS),USA,Prentiss HS (MS)/USA,6-10,280,14,25,Center,Inactive,N,1610612762,Jazz,UTA,jazz,Utah,al_jefferson,2004,2017,N,Y,Y,2004,1,15,N
0,952,Antoine,Walker,Antoine Walker,"Walker, Antoine",A. Walker,antoine-walker,1976-08-12T00:00:00,Kentucky,USA,Kentucky/USA,6-9,245,13,24,Forward,Inactive,N,1610612738,Celtics,BOS,celtics,Boston,antoine_walker,1996,2007,Y,Y,Y,1996,1,6,N
0,201147,Corey,Brewer,Corey Brewer,"Brewer, Corey",C. Brewer,corey-brewer,1986-03-05T00:00:00,Florida,USA,Florida/USA,6-9,188,14,13,Guard-Forward,Inactive,N,1610612750,Timberwolves,MIN,timberwolves,Minnesota,corey_brewer,2007,2019,N,Y,Y,2007,1,7,N
0,101155,Ryan,Gomes,Ryan Gomes,"Gomes, Ryan",R. Gomes,ryan-gomes,1982-09-01T00:00:00,Providence,USA,Providence/USA,6-7,245,8,,Forward,Inactive,N,0,,,,,ryan_gomes,2005,2013,Y,Y,Y,2005,2,50,N
0,1761,Greg,Buckner,Greg Buckner,"Buckner, Greg",G. Buckner,greg-buckner,1976-09-16T00:00:00,Clemson,USA,Clemson/USA,6-4,210,11,7,Guard,Inactive,N,1610612742,Mavericks,DAL,mavericks,Dallas,greg_buckner,1999,2008,N,Y,Y,1998,2,53,N
0,2742,Sebastian,Telfair,Sebastian Telfair,"Telfair, Sebastian",S. Telfair,sebastian-telfair,1985-06-09T00:00:00,Abraham Lincoln HS (NY),USA,Abraham Lincoln HS (NY)/USA,6-0,170,10,,Guard,Inactive,N,0,,,,,sebastian_telfair,2004,2014,N,Y,Y,2004,1,13,N
0,201567,Kevin,Love,Kevin Love,"Love, Kevin",K. Love,kevin-love,1988-09-07T00:00:00,UCLA,USA,UCLA/USA,6-8,251,15,0,Forward-Center,Active,N,1610612748,Heat,MIA,heat,Miami,kevin_love,2008,2023,N,Y,Y,2008,1,5,N
0,2215,Jason,Collins,Jason Collins,"Collins, Jason",J. Collins,jason-collins,1978-12-02T00:00:00,Stanford,USA,Stanford/USA,7-0,255,13,98,Center,Inactive,N,1610612751,Nets,BKN,nets,Brooklyn,jason_collins,2001,2013,N,Y,Y,2001,1,18,N
0,2034,Mike,Miller,Mike Miller,"Miller, Mike",M. Miller,mike-miller,1980-02-19T00:00:00,Florida,USA,Florida/USA,6-8,218,18,3,Guard-Forward,Inactive,N,1610612763,Grizzlies,MEM,grizzlies,Memphis,mike_miller,2000,2016,N,Y,Y,2000,1,5,N
0,200749,Shelden,Williams,Shelden Williams,"Williams, Shelden",S. Williams,shelden-williams,1983-10-21T00:00:00,Duke,USA,Duke/USA,6-9,250,7,33,Center-Forward,Inactive,N,1610612737,Hawks,ATL,hawks,Atlanta,shelden_williams,2006,2011,N,Y,Y,2006,1,5,N
0,2073,Brian,Cardinal,Brian Cardinal,"Cardinal, Brian",B. Cardinal,brian-cardinal,1977-05-02T00:00:00,Purdue,USA,Purdue/USA,6-8,240,13,35,Forward,Inactive,N,1610612763,Grizzlies,MEM,grizzlies,Memphis,brian_cardinal,2000,2011,N,Y,Y,2000,2,44,N
0,1563,Kevin,Ollie,Kevin Ollie,"Ollie, Kevin",K. Ollie,kevin-ollie,1972-12-27T00:00:00,Connecticut,USA,Connecticut/USA,6-2,195,14,7,Guard,Inactive,N,1610612755,76ers,PHI,sixers,Philadelphia,kevin_ollie,1997,2009,N,Y,Y,Undrafted,Undrafted,Undrafted,N
0,200760,Rodney,Carney,Rodney Carney,"Carney, Rodney",R. Carney,rodney-carney,1984-04-05T00:00:00,Memphis,USA,Memphis/USA,6-7,205,5,,Forward,Inactive,N,0,,,,,rodney_carney,2006,2010,Y,Y,Y,2006,1,16,N
0,201628,Bobby,Brown,Bobby Brown,"Brown, Bobby",B. Brown,bobby-brown,1984-09-24T00:00:00,Cal State-Fullerton,USA,California State-Fullerton/USA,6-2,175,4,,Guard,Inactive,N,0,,,,,bobby_brown,2008,2017,Y,Y,Y,Undrafted,Undrafted,Undrafted,N
0,201880,Greg,Stiemsma,Greg Stiemsma,"Stiemsma, Greg",G. Stiemsma,greg-stiemsma,1985-09-26T00:00:00,Wisconsin,USA,Wisconsin/USA,6-11,260,5,34,Center,Inactive,N,1610612750,Timberwolves,MIN,timberwolves,Minnesota,greg_stiemsma,2009,2014,Y,Y,Y,Undrafted,Undrafted,Undrafted,N
0,2545,Darko,Milicic,Darko Milicic,"Milicic, Darko",D. Milicic,darko-milicic,1985-06-20T00:00:00,Hemoform,Serbia,Hemoform/Serbia,7-0,275,10,,Center,Inactive,N,0,,,,,darko_milicic,2003,2012,N,Y,Y,2003,1,2,N
0,201961,Wayne,Ellington,Wayne Ellington,"Ellington, Wayne",W. Ellington,wayne-ellington,1987-11-29T00:00:00,North Carolina,USA,North Carolina/USA,6-4,207,14,2,Guard,Inactive,N,1610612747,Lakers,LAL,lakers,Los Angeles,wayne_ellington,2009,2021,N,Y,Y,2009,1,28,N
0,201605,Nathan,Jawai,Nathan Jawai,"Jawai, Nathan",N. Jawai,nathan-jawai,1986-10-10T00:00:00,Midland (Texas),Australia,Midland (Texas)/Australia,6-10,280,3,15,Forward,Inactive,N,1610612750,Timberwolves,MIN,timberwolves,Minnesota,nathan_jawai,2008,2009,Y,Y,Y,2008,2,41,N
0,2562,Sasha,Pavlovic,Sasha Pavlovic,"Pavlovic, Sasha",S. Pavlovic,sasha-pavlovic,1983-11-15T00:00:00,Buducnost,Montenegro,Buducnost/Montenegro,6-7,235,11,3,Guard-Forward,Inactive,N,1610612739,Cavaliers,CLE,cavaliers,Cleveland,sasha_pavlovic,2003,2012,N,Y,Y,2003,1,19,N
0,201938,Jonny,Flynn,Jonny Flynn,"Flynn, Jonny",J. Flynn,jonny-flynn,1989-02-06T00:00:00,Syracuse,USA,Syracuse/USA,6-0,185,4,3,Guard,Inactive,N,1610612750,Timberwolves,MIN,timberwolves,Minnesota,jonny_flynn,2009,2011,Y,Y,Y,2009,1,6,N
0,201196,Ramon,Sessions,Ramon Sessions,"Sessions, Ramon",R. Sessions,ramon-sessions,1986-04-11T00:00:00,Nevada-Reno,USA,Nevada-Reno/USA,6-3,190,12,9,Guard,Inactive,N,1610612766,Hornets,CHA,hornets,Charlotte,ramon_sessions,2007,2017,Y,Y,Y,2007,2,56,N
0,200762,Oleksiy,Pecherov,Oleksiy Pecherov,"Pecherov, Oleksiy",O. Pecherov,oleksiy-pecherov,1985-12-08T00:00:00,Kyiv,Ukraine,Kyiv/Ukraine,7-0,234,4,4,Forward-Center,Inactive,N,1610612764,Wizards,WAS,wizards,Washington,oleksiy_pecherov,2007,2009,N,Y,Y,2006,1,18,N
0,2863,Damien,Wilkins,Damien Wilkins,"Wilkins, Damien",D. Wilkins,damien-wilkins,1980-01-11T00:00:00,Georgia,USA,Georgia/USA,6-6,217,10,,Guard-Forward,Inactive,N,0,,,,,damien_wilkins,2004,2017,Y,Y,Y,Undrafted,Undrafted,Undrafted,N
0,200797,Ryan,Hollins,Ryan Hollins,"Hollins, Ryan",R. Hollins,ryan-hollins,1984-10-10T00:00:00,UCLA,USA,UCLA/USA,7-0,240,10,,Center,Inactive,N,0,,,,,ryan_hollins,2006,2015,Y,Y,Y,2006,2,50,N
0,201229,Anthony,Tolliver,Anthony Tolliver,"Tolliver, Anthony",A. Tolliver,anthony-tolliver,1985-06-01T00:00:00,Creighton,USA,Creighton/USA,6-8,240,14,43,Forward,Inactive,N,1610612765,Pistons,DET,pistons,Detroit,anthony_tolliver,2008,2020,Y,Y,Y,Undrafted,Undrafted,Undrafted,N
0,202351,Lazar,Hayward,Lazar Hayward,"Hayward, Lazar",L. Hayward,lazar-hayward,1986-11-26T00:00:00,Marquette,USA,Marquette/USA,6-6,225,4,,Forward,Inactive,N,0,,,,,lazar_hayward,2010,2012,Y,Y,Y,2010,1,30,N
0,201576,Anthony,Randolph,Anthony Randolph,"Randolph, Anthony",A. Randolph,anthony-randolph,1989-07-15T00:00:00,Louisiana State,USA,Louisiana State/USA,,,6,,,Inactive,N,0,,,,,anthony_randolph,2008,2016,N,Y,Y,2008,1,14,N
0,201593,Nikola,Pekovic,Nikola Pekovic,"Pekovic, Nikola",N. Pekovic,nikola-pekovic,1986-01-03T00:00:00,Panathinaikos,Montenegro,Panathinaikos/Montenegro,6-11,307,7,14,Center,Inactive,N,1610612750,Timberwolves,MIN,timberwolves,Minnesota,nikola_pekovic,2010,2016,N,Y,Y,2008,2,31,N
0,2557,Luke,Ridnour,Luke Ridnour,"Ridnour, Luke",L. Ridnour,luke-ridnour,1981-02-13T00:00:00,Oregon,USA,Oregon/USA,6-2,175,12,13,Guard,Inactive,N,1610612760,SuperSonics,SEA,thunder,Seattle,luke_ridnour,2003,2014,N,Y,Y,2003,1,14,N
0,201563,Michael,Beasley,Michael Beasley,"Beasley, Michael",M. Beasley,michael-beasley,1989-01-09T00:00:00,Kansas State,USA,Kansas State/USA,6-9,235,12,,Forward,Inactive,N,0,,,,,michael_beasley,2008,2018,N,Y,Y,2008,1,2,N
0,101110,Martell,Webster,Martell Webster,"Webster, Martell",M. Webster,martell-webster,1986-12-04T00:00:00,Seattle Preparatory HS (WA),USA,Seattle Preparatory HS (WA)/USA,6-7,230,11,9,Forward-Guard,Inactive,N,1610612757,Trail Blazers,POR,blazers,Portland,martell_webster,2005,2014,Y,Y,Y,2005,1,6,N
0,202325,Wesley,Johnson,Wesley Johnson,"Johnson, Wesley",W. Johnson,wesley-johnson,1987-07-11T00:00:00,Syracuse,USA,Syracuse/USA,6-7,215,10,4,Forward-Guard,Inactive,N,1610612746,Clippers,LAC,clippers,LA,wesley_johnson,2010,2018,N,Y,Y,2010,1,4,N
0,1802,Brad,Miller,Brad Miller,"Miller, Brad",B. Miller,brad-miller,1976-04-12T00:00:00,Purdue,USA,Purdue/USA,7-0,261,15,52,Center-Forward,Inactive,N,1610612758,Kings,SAC,kings,Sacramento,brad_miller,1998,2011,N,Y,Y,Undrafted,Undrafted,Undrafted,N
0,200826,J.J.,Barea,J.J. Barea,"Barea, J.J.",J. Barea,jj-barea,1984-06-26T00:00:00,Northeastern,Puerto Rico,Northeastern/Puerto Rico,5-10,180,15,5,Guard,Inactive,N,1610612742,Mavericks,DAL,mavericks,Dallas,j.j._barea,2006,2019,Y,Y,Y,Undrafted,Undrafted,Undrafted,N
0,201937,Ricky,Rubio,Ricky Rubio,"Rubio, Ricky",R. Rubio,ricky-rubio,1990-10-21T00:00:00,FC Barcelona,Spain,FC Barcelona/Spain,6-2,190,12,13,Guard,Active,N,1610612739,Cavaliers,CLE,cavaliers,Cleveland,ricky_rubio,2011,2023,N,Y,Y,2009,1,5,N
0,202682,Derrick,Williams,Derrick Williams,"Williams, Derrick",D. Williams,derrick-williams,1991-05-25T00:00:00,Arizona,USA,Arizona/USA,6-8,240,7,,Forward,Inactive,N,0,,,,,derrick_williams,2011,2017,N,Y,Y,2011,1,2,N
0,202723,Malcolm,Lee,Malcolm Lee,"Lee, Malcolm",M. Lee,malcolm-lee,1990-05-22T00:00:00,UCLA,USA,UCLA/USA,6-5,200,3,,Guard,Inactive,N,0,,,,,malcolm_lee,2011,2014,Y,Y,Y,2011,2,43,N
0,1905,Andrei,Kirilenko,Andrei Kirilenko,"Kirilenko, Andrei",A. Kirilenko,andrei-kirilenko,1981-02-18T00:00:00,CSKA Moscow,Russia,CSKA Moscow/Russia,6-9,235,13,,Forward,Inactive,N,0,,,,,andrei_kirilenko,2001,2014,N,Y,Y,1999,1,24,N
0,201967,Dante,Cunningham,Dante Cunningham,"Cunningham, Dante",D. Cunningham,dante-cunningham,1987-04-22T00:00:00,Villanova,USA,Villanova/USA,6-8,230,11,33,Forward,Inactive,N,1610612740,Pelicans,NOP,pelicans,New Orleans,dante_cunningham,2009,2018,N,Y,Y,2009,2,33,N
0,202419,Chris,Johnson,Chris Johnson,"Johnson, Chris",C. Johnson,chris-johnson,1985-07-17T00:00:00,Louisiana State,USA,Louisiana State/USA,6-11,210,4,20,Forward,Inactive,N,1610612750,Timberwolves,MIN,timberwolves,Minnesota,chris_johnson,2010,2012,Y,Y,Y,Undrafted,Undrafted,Undrafted,N
0,101153,Mickael,Gelabale,Mickael Gelabale,"Gelabale, Mickael",M. Gelabale,mickael-gelabale,1983-05-22T00:00:00,Real Madrid,France,Real Madrid/France,6-7,215,4,15,Forward,Inactive,N,1610612760,SuperSonics,SEA,thunder,Seattle,mickael_gelabale,2006,2012,Y,Y,Y,2005,2,48,N
0,201978,Chase,Budinger,Chase Budinger,"Budinger, Chase",C. Budinger,chase-budinger,1988-05-22T00:00:00,Arizona,USA,Arizona/USA,6-7,209,8,10,Forward,Inactive,N,1610612745,Rockets,HOU,rockets,Houston,chase_budinger,2009,2015,N,Y,Y,2009,2,44,N
0,200750,Brandon,Roy,Brandon Roy,"Roy, Brandon",B. Roy,brandon-roy,1984-07-23T00:00:00,Washington,USA,Washington/USA,6-6,211,6,3,Guard,Inactive,N,1610612757,Trail Blazers,POR,blazers,Portland,brandon_roy,2006,2012,N,Y,Y,2006,1,6,N
0,203144,Alexey,Shved,Alexey Shved,"Shved, Alexey",A. Shved,alexey-shved,1988-12-16T00:00:00,CSKA Moscow,Russia,CSKA Moscow/Russia,6-6,187,3,1,Guard,Inactive,N,1610612750,Timberwolves,MIN,timberwolves,Minnesota,alexey_shved,2012,2014,N,Y,Y,Undrafted,Undrafted,Undrafted,N
0,101142,Ronny,Turiaf,Ronny Turiaf,"Turiaf, Ronny",R. Turiaf,ronny-turiaf,1983-01-13T00:00:00,Gonzaga,France,Gonzaga/France,6-10,249,10,,Center,Inactive,N,0,,,,,ronny_turiaf,2005,2014,N,Y,Y,2005,2,37,N
0,2755,Kevin,Martin,Kevin Martin,"Martin, Kevin",K. Martin,kevin-martin,1983-02-01T00:00:00,Western Carolina,USA,Western Carolina/USA,6-7,199,13,23,Guard,Inactive,N,1610612758,Kings,SAC,kings,Sacramento,kevin_martin,2004,2015,N,Y,Y,2004,1,26,N
0,203498,Shabazz,Muhammad,Shabazz Muhammad,"Muhammad, Shabazz",S. Muhammad,shabazz-muhammad,1992-11-13T00:00:00,UCLA,USA,UCLA/USA,6-6,221,6,15,Guard-Forward,Inactive,N,1610612750,Timberwolves,MIN,timberwolves,Minnesota,shabazz_muhammad,2013,2017,Y,Y,Y,2013,1,14,N
0,201601,Luc,Mbah a Moute,Luc Mbah a Moute,"Mbah a Moute, Luc",L. Mbah a Moute,luc-mbah-a-moute,1986-09-09T00:00:00,UCLA,Cameroon,UCLA/Cameroon,6-8,230,13,12,Forward,Inactive,N,1610612749,Bucks,MIL,bucks,Milwaukee,luc_mbah a moute,2008,2019,N,Y,Y,2008,2,37,N
0,203133,Robbie,Hummel,Robbie Hummel,"Hummel, Robbie",R. Hummel,robbie-hummel,1989-03-08T00:00:00,Purdue,USA,Purdue/USA,6-9,219,3,4,Forward,Inactive,N,1610612750,Timberwolves,MIN,timberwolves,Minnesota,robbie_hummel,2013,2014,N,Y,Y,2012,2,58,N
0,203476,Gorgui,Dieng,Gorgui Dieng,"Dieng, Gorgui",G. Dieng,gorgui-dieng,1990-01-18T00:00:00,Louisville,Senegal,Louisville/Senegal,6-10,248,11,41,Center,Inactive,N,1610612759,Spurs,SAS,spurs,San Antonio,gorgui_dieng,2013,2022,N,Y,Y,2013,1,21,N
0,201785,Othyus,Jeffers,Othyus Jeffers,"Jeffers, Othyus",O. Jeffers,othyus-jeffers,1985-08-05T00:00:00,Robert Morris-Chicago,USA,Robert Morris-Chicago/USA,6-5,210,3,0,Guard-Forward,Inactive,N,1610612764,Wizards,WAS,wizards,Washington,othyus_jeffers,2009,2013,Y,Y,Y,Undrafted,Undrafted,Undrafted,N
0,202620,Arinze,Onuaku,Arinze Onuaku,"Onuaku, Arinze",A. Onuaku,arinze-onuaku,1987-07-13T00:00:00,Syracuse,USA,Syracuse/USA,6-9,255,3,,Forward-Center,Inactive,N,0,,,,,arinze_onuaku,2013,2016,Y,Y,Y,Undrafted,Undrafted,Undrafted,N
0,203120,Justin,Hamilton,Justin Hamilton,"Hamilton, Justin",J. Hamilton,justin-hamilton,1990-04-01T00:00:00,Louisiana State,USA,Louisiana State/USA,7-0,255,4,41,Center,Inactive,N,1610612751,Nets,BKN,nets,Brooklyn,justin_hamilton,2013,2016,Y,Y,Y,2012,2,45,N
0,203461,Anthony,Bennett,Anthony Bennett,"Bennett, Anthony",A. Bennett,anthony-bennett,1993-03-14T00:00:00,UNLV,Canada,UNLV/Canada,6-8,235,5,,Forward,Inactive,N,0,,,,,anthony_bennett,2013,2016,Y,Y,Y,2013,1,1,N
0,203952,Andrew,Wiggins,Andrew Wiggins,"Wiggins, Andrew",A. Wiggins,andrew-wiggins,1995-02-23T00:00:00,Kansas,Canada,Kansas/Canada,6-7,197,9,22,Forward,Active,Y,1610612744,Warriors,GSW,warriors,Golden State,andrew_wiggins,2014,2023,N,Y,Y,2014,1,1,N
0,202390,Gary,Neal,Gary Neal,"Neal, Gary",G. Neal,gary-neal,1984-10-03T00:00:00,Towson,USA,Towson/USA,6-4,210,7,,Guard,Inactive,N,0,,,,,gary_neal,2010,2016,Y,Y,Y,Undrafted,Undrafted,Undrafted,N
0,203897,Zach,LaVine,Zach LaVine,"LaVine, Zach",Z. LaVine,zach-lavine,1995-03-10T00:00:00,UCLA,USA,UCLA/USA,6-5,200,9,8,Guard,Active,Y,1610612741,Bulls,CHI,bulls,Chicago,zach_lavine,2014,2023,N,Y,Y,2014,1,13,N
0,203485,Lorenzo,Brown,Lorenzo Brown,"Brown, Lorenzo",L. Brown,lorenzo-brown,1990-08-26T00:00:00,North Carolina State,USA,North Carolina State/USA,6-5,189,5,,Guard,Inactive,N,0,,,,,lorenzo_brown,2013,2018,Y,Y,Y,2013,2,52,N
0,203940,Adreian,Payne,Adreian Payne,"Payne, Adreian",A. Payne,adreian-payne,1991-02-19T00:00:00,Michigan State,USA,Michigan State/USA,6-10,237,4,,Forward,Inactive,N,0,,,,,adreian_payne,2014,2017,Y,Y,Y,2014,1,15,N
0,202357,Nemanja,Bjelica,Nemanja Bjelica,"Bjelica, Nemanja",N. Bjelica,nemanja-bjelica,1988-05-09T00:00:00,                                   ,Serbia,Fenerbahce/Serbia,6-9,234,8,8,Forward,Inactive,N,1610612744,Warriors,GSW,warriors,Golden State,nemanja_bjelica,2015,2021,N,Y,Y,2010,2,35,N
0,1626157,Karl-Anthony,Towns,Karl-Anthony Towns,"Towns, Karl-Anthony",K. Towns,karl-anthony-towns,1995-11-15T00:00:00,Kentucky,USA,Kentucky/USA,7-0,248,8,32,Center-Forward,Active,Y,1610612750,Timberwolves,MIN,timberwolves,Minnesota,karl-anthony_towns,2015,2023,N,Y,Y,2015,1,1,N
0,2419,Tayshaun,Prince,Tayshaun Prince,"Prince, Tayshaun",T. Prince,tayshaun-prince,1980-02-28T00:00:00,Kentucky,USA,Kentucky/USA,6-9,212,15,12,Forward,Inactive,N,1610612765,Pistons,DET,pistons,Detroit,tayshaun_prince,2002,2015,N,Y,Y,2002,1,23,N
0,204014,Damjan,Rudez,Damjan Rudez,"Rudez, Damjan",D. Rudez,damjan-rudez,1986-06-17T00:00:00,Zaragoza,Croatia,Zaragoza/Croatia,6-10,228,4,3,Forward,Inactive,N,1610612754,Pacers,IND,pacers,Indiana,damjan_rudez,2014,2016,N,Y,Y,Undrafted,Undrafted,Undrafted,N
0,202962,Greg,Smith,Greg Smith,"Smith, Greg",G. Smith,greg-smith,1991-01-08T00:00:00,Fresno State,USA,Fresno State/USA,6-10,250,6,4,Center,Inactive,N,1610612745,Rockets,HOU,rockets,Houston,greg_smith,2011,2015,Y,Y,Y,Undrafted,Undrafted,Undrafted,N
0,1626145,Tyus,Jones,Tyus Jones,"Jones, Tyus",T. Jones,tyus-jones,1996-05-10T00:00:00,Duke,USA,Duke/USA,6-2,196,8,5,Guard,Active,Y,1610612764,Wizards,WAS,wizards,Washington,tyus_jones,2015,2023,Y,Y,Y,2015,1,24,N
0,202332,Cole,Aldrich,Cole Aldrich,"Aldrich, Cole",C. Aldrich,cole-aldrich,1988-10-31T00:00:00,Kansas,USA,Kansas/USA,6-11,253,9,45,Center,Inactive,N,1610612752,Knicks,NYK,knicks,New York,cole_aldrich,2010,2017,Y,Y,Y,2010,1,11,N
0,201941,Jordan,Hill,Jordan Hill,"Hill, Jordan",J. Hill,jordan-hill,1987-07-27T00:00:00,Arizona,USA,Arizona/USA,6-10,240,9,27,Forward-Center,Inactive,N,1610612747,Lakers,LAL,lakers,Los Angeles,jordan_hill,2009,2016,N,Y,Y,2009,1,8,N
0,201956,Omri,Casspi,Omri Casspi,"Casspi, Omri",O. Casspi,omri-casspi,1988-06-22T00:00:00,Maccabi Tel Aviv,Israel,Maccabi Tel Aviv/Israel,6-9,225,10,,Forward,Inactive,N,0,,,,,omri_casspi,2009,2018,N,Y,Y,2009,1,23,N
0,201575,Brandon,Rush,Brandon Rush,"Rush, Brandon",B. Rush,brandon-rush,1985-07-07T00:00:00,Kansas,USA,Kansas/USA,6-6,225,10,4,Guard-Forward,Inactive,N,1610612754,Pacers,IND,pacers,Indiana,brandon_rush,2008,2016,N,Y,Y,2008,1,13,N
0,1627739,Kris,Dunn,Kris Dunn,"Dunn, Kris",K. Dunn,kris-dunn,1994-03-18T00:00:00,Providence,USA,Providence/USA,6-3,205,7,11,Guard,Active,Y,1610612762,Jazz,UTA,jazz,Utah,kris_dunn,2016,2023,Y,Y,Y,2016,1,5,N
0,201959,Taj,Gibson,Taj Gibson,"Gibson, Taj",T. Gibson,taj-gibson,1985-06-24T00:00:00,Southern California,USA,Southern California/USA,6-9,232,14,67,Forward,Active,N,1610612764,Wizards,WAS,wizards,Washington,taj_gibson,2009,2023,N,Y,Y,2009,1,26,N
0,201166,Aaron,Brooks,Aaron Brooks,"Brooks, Aaron",A. Brooks,aaron-brooks,1985-01-14T00:00:00,Oregon,USA,Oregon/USA,6-0,161,11,30,Guard,Inactive,N,1610612745,Rockets,HOU,rockets,Houston,aaron_brooks,2007,2017,Y,Y,Y,2007,1,26,N
0,201565,Derrick,Rose,Derrick Rose,"Rose, Derrick",D. Rose,derrick-rose,1988-10-04T00:00:00,Memphis,USA,Memphis/USA,6-3,200,14,4,Guard,Active,Y,1610612763,Grizzlies,MEM,grizzlies,Memphis,derrick_rose,2008,2023,N,Y,Y,2008,1,1,N
0,1628383,Justin,Patton,Justin Patton,"Patton, Justin",J. Patton,justin-patton,1997-06-14T00:00:00,Creighton,USA,Creighton/USA,6-11,241,4,,Center,Inactive,N,0,,,,,justin_patton,2017,2020,Y,Y,Y,2017,1,16,N
0,202710,Jimmy,Butler,Jimmy Butler,"Butler, Jimmy",J. Butler,jimmy-butler,1989-09-14T00:00:00,Marquette,USA,Marquette/USA,6-7,230,12,22,Forward,Active,N,1610612748,Heat,MIA,heat,Miami,jimmy_butler,2011,2023,N,Y,Y,2011,1,30,N
0,1627875,Marcus,Georges-Hunt,Marcus Georges-Hunt,"Georges-Hunt, Marcus",M. Georges-Hunt,marcus-georges-hunt,1994-03-28T00:00:00,Georgia Tech,USA,Georgia Tech/USA,6-5,226,3,13,Guard,Inactive,N,1610612750,Timberwolves,MIN,timberwolves,Minnesota,marcus_georges-hunt,2016,2017,Y,Y,Y,Undrafted,Undrafted,Undrafted,N
0,2037,Jamal,Crawford,Jamal Crawford,"Crawford, Jamal",J. Crawford,jamal-crawford,1980-03-20T00:00:00,Michigan,USA,Michigan/USA,6-5,200,21,1,Guard,Inactive,N,1610612746,Clippers,LAC,clippers,LA,jamal_crawford,2000,2019,N,Y,Y,2000,1,8,N
0,1628518,Amile,Jefferson,Amile Jefferson,"Jefferson, Amile",A. Jefferson,amile-jefferson,1993-05-07T00:00:00,Duke,USA,Duke/USA,6-9,222,3,,Forward,Inactive,N,0,,,,,amile_jefferson,2017,2019,Y,Y,Y,2017,,,N
0,1626148,Anthony,Brown,Anthony Brown,"Brown, Anthony",A. Brown,anthony-brown,1992-10-10T00:00:00,Stanford,USA,Stanford/USA,6-7,224,4,3,Forward-Guard,Inactive,N,1610612747,Lakers,LAL,lakers,Los Angeles,anthony_brown,2015,2017,Y,Y,Y,2015,2,34,N
0,201952,Jeff,Teague,Jeff Teague,"Teague, Jeff",J. Teague,jeff-teague,1988-06-10T00:00:00,Wake Forest,USA,Wake Forest/USA,6-3,195,13,5,Guard,Inactive,N,1610612737,Hawks,ATL,hawks,Atlanta,jeff_teague,2009,2020,N,Y,Y,2009,1,19,N
0,1628249,Mitchell,Creek,Mitchell Creek,"Creek, Mitchell",M. Creek,mitchell-creek,1992-04-27T00:00:00,,Australia,Gottingen/Australia,6-6,225,2,55,Forward-Guard,Inactive,N,1610612751,Nets,BKN,nets,Brooklyn,mitchell_creek,2018,2018,Y,Y,Y,Undrafted,Undrafted,Undrafted,N
0,203967,Dario,Saric,Dario Saric,"Saric, Dario",D. Saric,dario-saric,1994-04-08T00:00:00,Anadolu Efes,Croatia,Anadolu Efes/Croatia,6-10,225,6,20,Forward-Center,Active,Y,1610612744,Warriors,GSW,warriors,Golden State,dario_saric,2016,2023,N,Y,Y,2014,1,12,N
0,203496,Robert,Covington,Robert Covington,"Covington, Robert",R. Covington,robert-covington,1990-12-14T00:00:00,Tennessee State,USA,Tennessee State/USA,6-7,209,10,23,Forward,Active,Y,1610612746,Clippers,LAC,clippers,LA,robert_covington,2013,2023,Y,Y,Y,Undrafted,Undrafted,Undrafted,N
0,1628966,Keita,Bates-Diop,Keita Bates-Diop,"Bates-Diop, Keita",K. Bates-Diop,keita-bates-diop,1996-01-23T00:00:00,Ohio State,USA,Ohio State/USA,6-8,229,5,21,Forward,Active,Y,1610612756,Suns,PHX,suns,Phoenix,keita_bates-diop,2018,2023,Y,Y,Y,2018,2,48,N
0,1629006,Josh,Okogie,Josh Okogie,"Okogie, Josh",J. Okogie,josh-okogie,1998-09-01T00:00:00,Georgia Tech,Nigeria,Georgia Tech/Nigeria,6-4,213,5,2,Guard,Active,Y,1610612756,Suns,PHX,suns,Phoenix,josh_okogie,2018,2023,N,Y,Y,2018,1,20,N
0,1629244,Cam,Reynolds,Cam Reynolds,"Reynolds, Cam",C. Reynolds,cam-reynolds,1995-02-07T00:00:00,Tulane,USA,Tulane/USA,6-7,225,2,,Forward,Inactive,N,0,,,,,cameron_reynolds,2018,2020,Y,Y,Y,Undrafted,Undrafted,Undrafted,N
0,203710,C.J.,Williams,C.J. Williams,"Williams, C.J.",C. Williams,cj-williams,1990-02-06T00:00:00,North Carolina State,USA,North Carolina State/USA,6-5,226,3,12,Guard,Inactive,N,1610612746,Clippers,LAC,clippers,LA,c.j._williams,2017,2018,Y,Y,Y,2012,0,0,N
0,2736,Luol,Deng,Luol Deng,"Deng, Luol",L. Deng,luol-deng,1985-04-16T00:00:00,Duke,United Kingdom,Duke/United Kingdom,6-9,237,16,9,Forward,Inactive,N,1610612741,Bulls,CHI,bulls,Chicago,luol_deng,2004,2018,N,Y,Y,2004,1,7,N
0,201573,Jerryd,Bayless,Jerryd Bayless,"Bayless, Jerryd",J. Bayless,jerryd-bayless,1988-08-20T00:00:00,Arizona,USA,Arizona/USA,6-3,200,12,8,Guard,Inactive,N,1610612749,Bucks,MIL,bucks,Milwaukee,jerryd_bayless,2008,2018,N,Y,Y,2008,1,11,N
0,1629123,Jared,Terrell,Jared Terrell,"Terrell, Jared",J. Terrell,jared-terrell,1995-02-10T00:00:00,Rhode Island,USA,Rhode Island/USA,6-3,227,2,3,Guard,Inactive,N,1610612750,Timberwolves,MIN,timberwolves,Minnesota,jared_terrell,2018,2018,Y,Y,Y,Undrafted,Undrafted,Undrafted,N
0,1627823,Juancho,Hernangomez,Juancho Hernangomez,"Hernangomez, Juancho",J. Hernangomez,juancho-hernangomez,1995-09-28T00:00:00,                                   ,Spain,Estudiantes/Spain,6-9,214,7,,Forward,Inactive,N,0,,,,,juan_hernangomez,2016,2022,Y,Y,Y,2016,1,15,N
0,1629103,Kelan,Martin,Kelan Martin,"Martin, Kelan",K. Martin,kelan-martin,1995-08-03T00:00:00,Butler,USA,Butler/USA,6-5,230,4,,Forward,Inactive,N,0,,,,,kelan_martin,2019,2021,Y,Y,Y,Undrafted,Undrafted,Undrafted,N
0,1629633,Jarrett,Culver,Jarrett Culver,"Culver, Jarrett",J. Culver,jarrett-culver,1999-02-20T00:00:00,Texas Tech,USA,Texas Tech/USA,6-6,195,4,,Guard-Forward,Inactive,N,0,,,,,jarrett_culver,2019,2022,Y,Y,Y,2019,1,6,N
0,201949,James,Johnson,James Johnson,"Johnson, James",J. Johnson,james-johnson,1987-02-20T00:00:00,Wake Forest,USA,Wake Forest/USA,6-7,240,15,16,Forward,Inactive,N,1610612754,Pacers,IND,pacers,Indiana,james_johnson,2009,2022,Y,Y,Y,2009,1,16,N
0,1629016,Omari,Spellman,Omari Spellman,"Spellman, Omari",O. Spellman,omari-spellman,1997-07-21T00:00:00,Villanova,USA,Villanova/USA,6-8,245,3,14,Forward,Inactive,N,1610612744,Warriors,GSW,warriors,Golden State,omari_spellman,2018,2019,Y,Y,Y,2018,1,30,N
0,1628980,Jacob,Evans,Jacob Evans,"Evans, Jacob",J. Evans,jacob-evans,1997-06-18T00:00:00,Cincinnati,USA,Cincinnati/USA,6-4,210,3,12,Guard-Forward,Inactive,N,1610612744,Warriors,GSW,warriors,Golden State,jacob_evans,2018,2019,Y,Y,Y,2018,1,28,N
0,1629675,Naz,Reid,Naz Reid,"Reid, Naz",N. Reid,naz-reid,1999-08-26T00:00:00,Louisiana State,USA,Louisiana State/USA,6-9,264,4,11,Center-Forward,Active,Y,1610612750,Timberwolves,MIN,timberwolves,Minnesota,naz_reid,2019,2023,Y,Y,Y,Undrafted,Undrafted,Undrafted,N
0,1627774,Jake,Layman,Jake Layman,"Layman, Jake",J. Layman,jake-layman,1994-03-07T00:00:00,Maryland,USA,Maryland/USA,6-8,209,7,10,Forward,Inactive,N,1610612750,Timberwolves,MIN,timberwolves,Minnesota,jake_layman,2016,2021,Y,Y,Y,2016,2,47,N
0,1629162,Jordan,McLaughlin,Jordan McLaughlin,"McLaughlin, Jordan",J. McLaughlin,jordan-mclaughlin,1996-04-09T00:00:00,Southern California,USA,Southern California/USA,6-0,185,4,6,Guard,Active,Y,1610612750,Timberwolves,MIN,timberwolves,Minnesota,jordan_mclaughlin,2019,2023,Y,Y,Y,Undrafted,Undrafted,Undrafted,N
0,1627736,Malik,Beasley,Malik Beasley,"Beasley, Malik",M. Beasley,malik-beasley,1996-11-26T00:00:00,Florida State,USA,Florida State/USA,6-4,187,7,5,Guard,Active,Y,1610612749,Bucks,MIL,bucks,Milwaukee,malik_beasley,2016,2023,Y,Y,Y,2016,1,19,N
0,1629669,Jaylen,Nowell,Jaylen Nowell,"Nowell, Jaylen",J. Nowell,jaylen-nowell,1999-07-09T00:00:00,Washington,USA,Washington/USA,6-4,201,4,4,Guard,Active,Y,1610612758,Kings,SAC,kings,Sacramento,jaylen_nowell,2019,2023,Y,Y,Y,2019,2,43,N
0,1629020,Jarred,Vanderbilt,Jarred Vanderbilt,"Vanderbilt, Jarred",J. Vanderbilt,jarred-vanderbilt,1999-04-03T00:00:00,Kentucky,USA,Kentucky/USA,6-8,214,5,2,Forward,Active,Y,1610612747,Lakers,LAL,lakers,Los Angeles,jarred_vanderbilt,2018,2023,Y,Y,Y,2018,2,41,N
0,202323,Evan,Turner,Evan Turner,"Turner, Evan",E. Turner,evan-turner,1988-10-27T00:00:00,Ohio State,USA,Ohio State/USA,6-6,220,11,1,Guard-Forward,Inactive,N,1610612755,76ers,PHI,sixers,Philadelphia,evan_turner,2010,2019,N,Y,Y,2010,1,2,N
0,1626156,D'Angelo,Russell,D'Angelo Russell,"Russell, D'Angelo",D. Russell,dangelo-russell,1996-02-23T00:00:00,Ohio State,USA,Ohio State/USA,6-4,193,8,1,Guard,Active,Y,1610612747,Lakers,LAL,lakers,Los Angeles,d'angelo_russell,2015,2023,N,Y,Y,2015,1,2,N
0,202334,Ed,Davis,Ed Davis,"Davis, Ed",E. Davis,ed-davis,1989-06-05T00:00:00,North Carolina,USA,North Carolina/USA,6-9,218,13,21,Center-Forward,Inactive,N,1610612739,Cavaliers,CLE,cavaliers,Cleveland,ed_davis,2010,2021,Y,Y,Y,2010,1,13,N
0,1630183,Jaden,McDaniels,Jaden McDaniels,"McDaniels, Jaden",J. McDaniels,jaden-mcdaniels,2000-09-29T00:00:00,Washington,USA,Washington/USA,6-9,185,3,3,Forward,Active,Y,1610612750,Timberwolves,MIN,timberwolves,Minnesota,jaden_mcdaniels,2020,2023,N,Y,Y,2020,1,28,N
0,1630162,Anthony,Edwards,Anthony Edwards,"Edwards, Anthony",A. Edwards,anthony-edwards,2001-08-05T00:00:00,Georgia,USA,Georgia/USA,6-4,225,3,1,Guard,Active,Y,1610612750,Timberwolves,MIN,timberwolves,Minnesota,anthony_edwards,2020,2023,N,Y,Y,2020,1,1,N
0,1630593,McKinley,Wright IV,McKinley Wright IV,"Wright IV, McKinley",M. Wright IV,mckinley-wright-iv,1998-10-25T00:00:00,Colorado,USA,Colorado/USA,5-11,192,3,23,Guard,Inactive,N,1610612742,Mavericks,DAL,mavericks,Dallas,mckinley_wright_iv,2021,2022,Y,Y,Y,Undrafted,Undrafted,Undrafted,N
0,201976,Patrick,Beverley,Patrick Beverley,"Beverley, Patrick",P. Beverley,patrick-beverley,1988-07-12T00:00:00,Arkansas,USA,Arkansas/USA,6-2,180,11,22,Guard,Active,Y,1610612755,76ers,PHI,sixers,Philadelphia,patrick_beverley,2012,2023,Y,Y,Y,2009,2,42,N
0,202328,Greg,Monroe,Greg Monroe,"Monroe, Greg",G. Monroe,greg-monroe,1990-06-04T00:00:00,Georgetown,USA,Georgetown/USA,6-10,250,11,15,Forward-Center,Inactive,N,1610612750,Timberwolves,MIN,timberwolves,Minnesota,greg_monroe,2010,2021,Y,Y,Y,2010,1,7,N
0,1630233,Nathan,Knight,Nathan Knight,"Knight, Nathan",N. Knight,nathan-knight,1997-09-20T00:00:00,William & Mary,USA,William & Mary/USA,6-8,253,3,13,Forward-Center,Active,Y,1610612752,Knicks,NYK,knicks,New York,nathan_knight,2020,2023,Y,Y,Y,Undrafted,Undrafted,Undrafted,N
0,1627752,Taurean,Prince,Taurean Prince,"Prince, Taurean",T. Prince,taurean-prince,1994-03-22T00:00:00,Baylor,USA,Baylor/USA,6-6,218,7,12,Forward,Active,Y,1610612747,Lakers,LAL,lakers,Los Angeles,taurean_prince,2016,2023,Y,Y,Y,2016,1,12,N
0,1630195,Leandro,Bolmaro,Leandro Bolmaro,"Bolmaro, Leandro",L. Bolmaro,leandro-bolmaro,2000-09-11T00:00:00,,Argentina,FC Barcelona/Argentina,6-6,200,2,,Forward,Inactive,N,0,,,,,leandro_bolmaro,2021,2022,Y,Y,Y,2020,1,23,N
0,1630568,Luka,Garza,Luka Garza,"Garza, Luka",L. Garza,luka-garza,1998-12-27T00:00:00,Iowa,USA,Iowa/USA,6-10,243,2,55,Center,Active,Y,1610612750,Timberwolves,MIN,timberwolves,Minnesota,luka_garza,2021,2023,Y,Y,Y,2021,2,52,N
0,1630346,Matt,Ryan,Matt Ryan,"Ryan, Matt",M. Ryan,matt-ryan,1997-04-17T00:00:00,Tennessee-Chattanooga,USA,Tennessee-Chattanooga/USA,6-6,215,2,37,Forward,Active,Y,1610612750,Timberwolves,MIN,timberwolves,Minnesota,matt_ryan,2021,2023,Y,Y,Y,Undrafted,Undrafted,Undrafted,N
0,203497,Rudy,Gobert,Rudy Gobert,"Gobert, Rudy",R. Gobert,rudy-gobert,1992-06-26T00:00:00,Cholet,France,Cholet/France,7-1,258,10,27,Center,Active,Y,1610612750,Timberwolves,MIN,timberwolves,Minnesota,rudy_gobert,2013,2023,Y,Y,Y,2013,1,27,N
0,203085,Austin,Rivers,Austin Rivers,"Rivers, Austin",A. Rivers,austin-rivers,1992-08-01T00:00:00,Duke,USA,Duke/USA,6-4,200,12,25,Guard,Inactive,N,1610612750,Timberwolves,MIN,timberwolves,Minnesota,austin_rivers,2012,2022,N,Y,Y,2012,1,10,N
0,201144,Mike,Conley,Mike Conley,"Conley, Mike",M. Conley,mike-conley,1987-10-11T00:00:00,Ohio State,USA,Ohio State/USA,6-1,175,16,10,Guard,Active,Y,1610612750,Timberwolves,MIN,timberwolves,Minnesota,mike_conley,2007,2023,N,Y,Y,2007,1,4,N
0,1629638,Nickeil,Alexander-Walker,Nickeil Alexander-Walker,"Alexander-Walker, Nickeil",N. Alexander-Walker,nickeil-alexander-walker,1998-09-02T00:00:00,Virginia Tech,Canada,Virginia Tech/Canada,6-5,205,4,9,Guard,Active,Y,1610612750,Timberwolves,MIN,timberwolves,Minnesota,nickeil_alexander-walker,2019,2023,Y,Y,Y,2019,1,17,N
0,1631169,Josh,Minott,Josh Minott,"Minott, Josh",J. Minott,josh-minott,2002-11-25T00:00:00,Memphis,USA,Memphis/USA,6-8,205,1,8,Forward,Active,Y,1610612750,Timberwolves,MIN,timberwolves,Minnesota,josh_minott,2022,2023,Y,Y,Y,2022,2,45,N
0,1631111,Wendell,Moore Jr.,Wendell Moore Jr.,"Moore Jr., Wendell",W. Moore Jr.,wendell-moore-jr,2001-09-18T00:00:00,Duke,USA,Duke/USA,6-5,215,1,7,Guard,Active,Y,1610612750,Timberwolves,MIN,timberwolves,Minnesota,wendell_moore,2022,2023,Y,Y,Y,2022,1,26,N
0,203937,Kyle,Anderson,Kyle Anderson,"Anderson, Kyle",K. Anderson,kyle-anderson,1993-09-20T00:00:00,UCLA,USA,UCLA/USA,6-9,230,9,5,Forward-Guard,Active,Y,1610612750,Timberwolves,MIN,timberwolves,Minnesota,kyle_anderson,2014,2023,Y,Y,Y,2014,1,30,N
0,203937,Kyle,Anderson,Kyle Anderson,"Anderson, Kyle",K. Anderson,kyle-anderson,1993-09-20T00:00:00,UCLA,USA,UCLA/USA,6-9,230,9,5,Forward-Guard,Active,Y,1610612750,Timberwolves,MIN,timberwolves,Minnesota,kyle_anderson,2014,2023,Y,Y,Y,2014,1,30,N
